id,category,subcategory,title,system,user_template,best_model,notes
SAL-001,cold-outreach,30-sec value claim email,30-sec value claim email,"You are a senior B2B sales writer. Write direct, specific cold emails. No fluff, no superlatives, no 'I hope this email finds you well.'","Write a cold email to {{firstName}} at {{Company}} ({{industry}}, ~{{employees}} employees). Their likely pain: {{specificPain}}. Our offer: {{ourOffer}}. Include a single CTA. Max 80 words.",Claude 3.5 Sonnet,Use for top-of-funnel cold. Swap pain + offer per ICP. Reply rate baseline: 7-12% on warm-fit lists.
SAL-002,cold-outreach,Competitor-switch email,Competitor-switch email,You write B2B sales emails that respect the recipient's time.,"Cold email to {{firstName}} at {{Company}}. They're currently using {{CompetitorTool}}. Our differentiation: {{ourEdge}}. Open with a sincere question about their experience, then position our alt. Max 100 words.",Claude 3.5 Sonnet,Only use when you have evidence they actually use the competitor.
SAL-003,cold-outreach,Peer-reference email,Peer-reference email,You write B2B sales emails grounded in real proof.,Cold email to {{firstName}} at {{Company}} ({{industry}}). Use this peer story as the anchor: {{PeerCompany}} achieved {{specificOutcome}}. Make the connection to {{Company}}'s likely shape. Max 120 words.,Claude 3.5 Sonnet,Best when peer matches industry + size.
SAL-004,cold-outreach,Trigger-event email,Trigger-event email,"You write timely, observant B2B sales emails.","Cold email to {{firstName}}. Trigger event: {{event}} (e.g. raised funding, hired ops lead, launched product). Tie our offer ({{ourOffer}}) to that event's likely operational implications. Max 110 words.",Claude 3.5 Sonnet,Send within 14 days of the trigger. Stale triggers feel forced.
SAL-005,cold-outreach,Mutual-connection email,Mutual-connection email,You write B2B sales emails that leverage trust without name-dropping aggressively.,Cold email to {{firstName}}. Our mutual connection: {{MutualContact}}. Mention them naturally in line 1. Pivot to our offer ({{ourOffer}}) by line 3. Max 90 words.,Claude 3.5 Sonnet,Highest reply rate of any pattern. Confirm the connection knows you're using their name.
SAL-006,cold-outreach,PS-only breakup email,PS-only breakup email,You write final-touch breakup emails that respect the prospect and exit gracefully.,Final-touch breakup email to {{firstName}}. Acknowledge silence without guilt-tripping. Leave one specific door open. End with a useful PS link. Max 60 words plus PS.,Claude 3.5 Sonnet,Reply rate 5-8% — often the highest-converting touch in a sequence.
SAL-007,discovery,Discovery call agenda,Discovery call agenda,You're a senior sales rep prepping a discovery call.,"Generate a 30-min discovery agenda for {{firstName}} at {{Company}}. Known context: {{notes}}. Cover: current state, target outcome, decision process, next-step proposal. Output as a checklist.",Claude 3.5 Sonnet,Adapt order based on call signal — pivot if buyer is impatient.
SAL-008,discovery,Pre-call prep brief,Pre-call prep brief,You research prospects briefly and surface what matters for a sales call.,"Build a 1-page prep brief for a call with {{firstName}} ({{title}}) at {{Company}}. Use these facts: {{factsBlock}}. Output sections: 'Likely Goal', '2 Smart Questions', '1 Risk', '1 Asset to Send After'.",Claude 3.5 Sonnet,"Don't fabricate. If facts thin, say 'unknown' explicitly."
SAL-009,discovery,MEDDPICC qualification,MEDDPICC qualification,You qualify B2B deals using the MEDDPICC framework.,"Score this deal against MEDDPICC: Metrics, Economic Buyer, Decision Criteria, Decision Process, Paper Process, Identify Pain, Champion, Competition. Deal context: {{dealNotes}}. Score 0-5 per pillar with one-sentence justification.",Claude 3.5 Sonnet,Honest scoring matters. Forecasts derived from honest MEDDPICC are 30% more accurate.
SAL-010,discovery,Champion-builder questions,Champion-builder questions,You help reps identify and build internal champions.,Generate 8 questions to test whether {{contactName}} is a real champion vs. an information-gatherer. Mix open + closed. Format as a checklist.,Claude 3.5 Sonnet,Real champions can name their CFO's veto criteria. Info-gatherers can't.
SAL-011,follow-up,Post-demo follow-up,Post-demo follow-up,You write concise post-demo follow-ups that recap value and propose next step.,Post-demo email to {{firstName}}. We demoed: {{whatWeShowed}}. Their reactions: {{theirReactions}}. Recap 3 specific 'aha moments' they had. Propose next step. Max 130 words.,Claude 3.5 Sonnet,Specific aha-moments outperform generic recap.
SAL-012,follow-up,Re-engagement after silence,Re-engagement after silence,You write re-engagement emails that don't beg.,"Re-engage {{firstName}} after 30 days of silence. Last touchpoint: {{lastInteraction}}. Bring 1 new piece of value or evidence (case study, data point, product update). Max 100 words.",Claude 3.5 Sonnet,Don't apologise for following up. Provide value.
SAL-013,objection-handling,'Too expensive' response,'Too expensive' response,You respond to price objections with empathy + reframe.,Buyer said {{Company}} is 'too expensive'. Our price: {{ourPrice}}. Comparable cost of inaction: {{costOfInaction}}. Reframe in 2 paragraphs without discounting.,Claude 3.5 Sonnet,"Lead with their pain, not your price logic."
SAL-014,objection-handling,'Already have a solution' response,'Already have a solution' response,"You respond to incumbency objections with curiosity, not aggression.",Buyer said they already have {{IncumbentTool}}. Don't disparage it. Ask 2 questions to surface what their current tool isn't solving. Output as a reply email.,Claude 3.5 Sonnet,Aggressive bake-offs lose. Curiosity wins.
SAL-015,objection-handling,'Need to think about it','Need to think about it',You handle 'I need to think about it' without being pushy.,"Buyer said 'let me think about it.' Ask 2 specific questions to surface the real hesitation. Tone: collaborative, not demanding. Output as reply email.",Claude 3.5 Sonnet,"Usually a stand-in for unclear ROI, unclear approval path, or unclear timing."
SAL-016,objection-handling,'Send me a proposal' deflection,'Send me a proposal' deflection,You handle 'send a proposal' requests when they're premature.,Buyer said 'send a proposal.' You haven't done discovery. Politely push for 30 min more discovery before writing a proposal. Frame it as serving them. Output as reply email.,Claude 3.5 Sonnet,Proposals written on weak discovery are 3x more likely to be ignored.
SAL-017,proposal,Proposal opening paragraph,Proposal opening paragraph,"You write proposal openings that start with the buyer's words, not yours.",Open a proposal for {{Company}}. Use their stated goal: {{theirGoal}}. Echo it back. Show you understood the brief. Max 80 words.,Claude 3.5 Sonnet,"If you can't echo their goal in their own language, your discovery was too shallow."
SAL-018,proposal,ROI calculator narrative,ROI calculator narrative,You translate financial models into buyer-facing language.,Write the ROI section of a proposal. Inputs: hours saved {{hours}}/week × hourly cost ${{cost}} × {{multiplier}} weeks adoption ramp. Translate into 'plain English for a CFO' narrative. 2 paragraphs.,Claude 3.5 Sonnet,Numbers + narrative. Neither alone closes deals.
SAL-019,negotiation,Counter-offer to discount request,Counter-offer to discount request,You counter discount requests by adding scope or extending terms instead.,"Buyer wants 30% off. Our list: ${{listPrice}}. Counter with: keep price, add scope item {{scopeAdd}} OR extend term to 24mo with 10% discount. Output as reply email.",Claude 3.5 Sonnet,Discount-then-extend is industry standard. Discount-without-trade-off destroys margin permanently.
SAL-020,negotiation,Mutual-action close,Mutual-action close,You progress deals by getting buyer commitment to a mutual action plan.,Propose a mutual action plan to {{Company}}. From signed contract back-calendar: {{milestones}}. Each milestone has a buyer-side action and a seller-side action. Format as a table.,Claude 3.5 Sonnet,MAPs filter tire-kickers. Real buyers commit to dates.
SAL-021,linkedin,LinkedIn connection request,LinkedIn connection request,You write LinkedIn connection requests under 280 characters.,Connection request to {{firstName}} ({{title}} at {{Company}}). Reason for connecting: {{reason}}. Max 280 chars. Don't pitch.,Claude 3.5 Sonnet,Pitch in request = 70% lower acceptance rate.
SAL-022,linkedin,LinkedIn DM first-touch,LinkedIn DM first-touch,You write LinkedIn DMs that don't feel like cold emails.,"DM to {{firstName}} after they accepted your connection. Reference {{trigger}} (recent post, mutual interest, shared connection). Pose 1 question. Max 200 chars.",Claude 3.5 Sonnet,"Goal: get a reply, not pitch."
SAL-023,linkedin,LinkedIn DM follow-up to inactive,LinkedIn DM follow-up to inactive,You write LinkedIn follow-ups to dormant conversations.,Follow up with {{firstName}}. Last message: {{lastMsg}}. Days since: {{days}}. Surface 1 piece of new value. Max 200 chars.,Claude 3.5 Sonnet,Cap at 2 follow-ups before moving to email.
SAL-024,call-prep,Account research summary,Account research summary,You compress account research into a 30-second briefing.,"Summarize {{Company}} in 30 seconds for a sales rep about to call them. Facts: {{factsBlock}}. Output: 'Who they are', 'Why they'd buy', 'What might block the sale'.",Claude 3.5 Sonnet,Rep should be able to repeat the summary back in 3 sentences.
SAL-025,call-prep,Persona profile from LinkedIn,Persona profile from LinkedIn,You build buyer-persona profiles from LinkedIn data.,"Build a persona profile for {{firstName}} from this LinkedIn data: {{profileBlock}}. Output: 'Likely priorities', 'Communication style preference', 'Decision-making style', 'Risk-tolerance hint'.",Claude 3.5 Sonnet,Inferred — verify in the call. Don't bake assumptions into the proposal.
SAL-026,pipeline,Stuck-deal diagnostic,Stuck-deal diagnostic,You diagnose why a B2B deal has stalled.,Deal context: {{dealNotes}}. Stuck for {{days}} days. Diagnose the most-likely 3 reasons (order by probability) and propose one specific action for each.,Claude 3.5 Sonnet,"Most stalls are about decision authority or budget cycle, not product."
SAL-027,pipeline,Forecast confidence scoring,Forecast confidence scoring,You score deal forecast confidence honestly.,"Score the forecast confidence of this deal 0-100. Inputs: stage {{stage}}, days in stage {{days}}, last buyer activity {{lastActivity}}, MEDDPICC score {{meddpicc}}. Be honest — over-forecasting destroys credibility.",Claude 3.5 Sonnet,Calibration matters more than optimism.
SAL-028,renewals,Renewal kickoff outreach,Renewal kickoff outreach,You start renewal conversations 60-90 days early without surprises.,60-day-out renewal email to {{Customer}}. Their MRR: ${{mrr}}. Their usage trend: {{trend}}. Surface where they've gotten value. Avoid 'time to renew' framing. Max 130 words.,Claude 3.5 Sonnet,Renewal conversations starting at day 30 lose.
SAL-029,renewals,At-risk renewal save email,At-risk renewal save email,"You handle at-risk renewal conversations with directness, not panic.",{{Customer}} is at risk (signals: {{signals}}). Email them to schedule a 30-min direct conversation. Acknowledge specific signals without defensiveness. Max 140 words.,Claude 3.5 Sonnet,Pretending you don't see the signal makes it worse.
SAL-030,expansion,Upsell pitch from usage data,Upsell pitch from usage data,"You pitch upsell based on observed usage, not guesses.","{{Customer}} hit {{usageMetric}} = {{value}}, indicating capacity for {{upsellTier}}. Email them to propose the upgrade. Show your math. Max 110 words.",Claude 3.5 Sonnet,Usage-grounded upsell converts 5x better than scheduled upsell.
SAL-031,expansion,Cross-sell to new business unit,Cross-sell to new business unit,You introduce yourself to a new BU at an existing customer.,Intro email to {{NewContact}} at {{Customer}}. Existing relationship: {{relationshipNote}}. Their BU's challenge: {{theirChallenge}}. Position as 'extending what's working.' Max 130 words.,Claude 3.5 Sonnet,Soft handoff from existing champion is the unlock.
SAL-032,lost-deal,Lost-deal post-mortem,Lost-deal post-mortem,You learn from lost deals without finger-pointing.,Deal lost. Context: {{dealNotes}}. Their stated reason: {{statedReason}}. Generate a 5-question post-mortem to identify the real root cause vs. stated reason.,Claude 3.5 Sonnet,Stated reason and real reason match in <40% of cases.
SAL-033,lost-deal,'Stay in touch' email after loss,'Stay in touch' email after loss,You stay relevant after a loss without being needy.,Lost {{Company}} to {{Competitor}}. Email them 90 days post-loss. Don't reference the loss directly. Surface 1 piece of new value. Open door for future. Max 90 words.,Claude 3.5 Sonnet,30% of lost deals come back within 18 months. Stay top-of-mind.
SAL-034,sales-ops,Lead-scoring rubric design,Lead-scoring rubric design,You design lead-scoring rubrics that actually predict conversion.,"Design a 100-point lead-scoring rubric for {{ICP}}. Allocate points across: firmographic fit, intent signals, engagement, urgency. Justify each weight.",Claude 3.5 Sonnet,Tune weights monthly using closed-won data. Don't ship and freeze.
SAL-035,sales-ops,Sales playbook section,Sales playbook section,You write sales playbook sections that field reps actually use.,"Write the 'Discovery Call' section of a sales playbook. Include: pre-call prep checklist, opening question, key discovery questions, 'red flag' answers, post-call next steps. Max 600 words.",Claude 3.5 Sonnet,"Test with a new hire — if they can run a call from it, it's good."
SAL-036,sales-coaching,Call recording feedback,Call recording feedback,You give specific call-coaching feedback grounded in transcript.,"Review this call transcript: {{transcript}}. Score across 5 dimensions: rapport, discovery depth, objection handling, next-step clarity, time management. Give 2 specific 'do more of' and 2 'do less of' notes.",Claude 3.5 Sonnet,Specificity matters. Never use 'be more enthusiastic.'
SAL-037,sales-coaching,Mock-call scenario generator,Mock-call scenario generator,You generate realistic mock-call scenarios for sales training.,"Generate a mock discovery call scenario. ICP: {{ICP}}. Hidden challenge: {{hiddenChallenge}}. Output: buyer persona, opening statement, 5 likely objections, 1 unexpected curveball.",Claude 3.5 Sonnet,Curveballs simulate real-world variance.
SAL-038,comp-plans,Sales comp plan critique,Sales comp plan critique,You critique sales comp plans for unintended incentives.,Review this sales comp plan: {{planText}}. Identify 3 specific behaviors the plan rewards that may not align with stated company goals.,Claude 3.5 Sonnet,"Reps optimize the plan, not the strategy. Design accordingly."
SAL-039,territory,Territory plan from CRM data,Territory plan from CRM data,You build territory plans from account data.,"Build a territory plan for {{rep}}. Inputs: {{accountList}}, target quota ${{quota}}, avg deal size ${{avgDeal}}. Output: priority tiers, weekly target activity, named accounts per tier.",Claude 3.5 Sonnet,Account count > activity count > revenue projection. Top-load activity.
SAL-040,win-stories,Win-story brief for marketing,Win-story brief for marketing,You convert wins into shareable win stories.,Customer: {{Customer}}. Industry: {{industry}}. Their pain: {{pain}}. Our solution: {{solution}}. Their outcome: {{outcome}} ({{specificMetric}}). Convert into a 200-word win story for marketing use.,Claude 3.5 Sonnet,Get customer approval before publishing. Never use real numbers without consent.
MKT-001,content,Blog post outline from keyword,Blog post outline from keyword,You're a content strategist for B2B SaaS.,"Generate a blog post outline for the keyword '{{keyword}}'. Target: {{audience}}. Goal: rank organically + convert. Output H1, intro angle, 5 H2s with H3 sub-bullets, conclusion CTA.",Claude 3.5 Sonnet,"Match search intent. If it's informational, don't end with a hard pitch."
MKT-002,content,Blog post writer (long-form),Blog post writer (long-form),"You write authoritative, specific, non-fluffy long-form B2B blog content.",Write a 2000-word blog post on '{{topic}}' for {{audience}}. Take a clear stance. Use specific examples. No 'in today's fast-paced world' openings. End with a single CTA.,Claude 3.5 Sonnet,Stance > balance. Pick a hill.
MKT-003,content,Newsletter weekly issue,Newsletter weekly issue,You write a weekly B2B newsletter that respects the reader's time.,"Write a weekly newsletter for {{brand}}. Topics: {{topics}}. Format: 3 sections (insight, useful link, ask). Max 350 words. Sound like a human, not a brand.",Claude 3.5 Sonnet,Personality > polish. Don't make it look like a corporate update.
MKT-004,content,LinkedIn post (founder voice),LinkedIn post (founder voice),"You write LinkedIn posts in a founder's voice — direct, specific, slightly contrarian.",Topic: {{topic}}. Founder's stance: {{stance}}. Write a 5-paragraph LinkedIn post with a strong opening hook. Avoid emojis-as-decoration. No 'agree?' close.,Claude 3.5 Sonnet,Hooks: contrarian opinion > question > stat. Avoid 'I learned X today.'
MKT-005,content,LinkedIn carousel outline,LinkedIn carousel outline,You design 10-slide LinkedIn carousels that get saved + shared.,Topic: {{topic}}. Goal: {{goal}}. Output 10 slide concepts: each = headline + 1-line body. First slide hook + last slide CTA.,Claude 3.5 Sonnet,Slide 1 = hook. Slide 10 = ask. Slides 2-9 = value.
MKT-006,content,Twitter thread from blog post,Twitter thread from blog post,You convert long-form posts into Twitter threads.,Source blog post: {{postUrl}} OR {{postText}}. Distill into 8-tweet thread. Tweet 1 = hook (with 'see the full breakdown 👇'). Last tweet = ask + link.,Claude 3.5 Sonnet,Each tweet must stand alone. Don't end mid-thought.
MKT-007,content,Case study from interview notes,Case study from interview notes,You turn customer interview notes into compelling case studies.,Notes: {{notesBlock}}. Build a case study with: Challenge (50 words) · Approach (100 words) · Results (specific metrics) · Quote (verbatim from notes). Max 400 words.,Claude 3.5 Sonnet,Real quotes > paraphrased. Real metrics > vague 'significant improvement.'
MKT-008,content,Customer success quote rewriter,Customer success quote rewriter,You polish customer quotes without changing their meaning.,"Raw quote: {{rawQuote}}. Lightly polish for grammar + flow. Keep their voice. Output 2 variants (one short, one long).",Claude 3.5 Sonnet,Get customer approval before publishing the polished version.
MKT-009,campaign,Campaign brief generator,Campaign brief generator,You write tight campaign briefs that a creative team can actually execute.,"Goal: {{goal}}. Audience: {{audience}}. Timing: {{timing}}. Budget: {{budget}}. Output brief sections: Objective, KPI, Audience, Insight, Message, Channels, Deliverables, Success metric.",Claude 3.5 Sonnet,"One brief, one objective. Multi-objective briefs produce middling work."
MKT-010,campaign,Launch campaign timeline,Launch campaign timeline,You build product launch campaign timelines.,Launch: {{productName}} on {{launchDate}}. Output T-30 / T-21 / T-14 / T-7 / T-3 / T-1 / Launch Day / T+7 plan. Each phase: deliverable + owner + channel.,Claude 3.5 Sonnet,Conservative launches outperform splashy ones for B2B.
MKT-011,email,Email subject line generator (5 variants),Email subject line generator (5 variants),You write B2B email subjects that get opened.,"Email body: {{bodyText}}. Audience: {{audience}}. Generate 5 subject lines: 1 specific-number, 1 contrarian-claim, 1 curiosity-gap, 1 direct, 1 personalised. Max 50 chars each.",Claude 3.5 Sonnet,Test in real campaign. A/B with a 30/30/30/10 split.
MKT-012,email,Welcome email sequence (5-touch),Welcome email sequence (5-touch),You write welcome email sequences that build trust before pitching.,"Product: {{product}}. Audience: {{audience}}. Build 5-touch sequence: day 0, 1, 3, 7, 14. Goal-per-touch: welcome → first value → context → social proof → soft CTA.",Claude 3.5 Sonnet,First 14 days = relationship. Pitch in days 15+.
MKT-013,email,Re-engagement email,Re-engagement email,You write re-engagement emails to dormant subscribers.,"Subscriber list: been inactive {{days}} days. Goal: get them to open, click, or unsubscribe (don't keep cold subs). Write a single-email re-engagement. Subject + body.",Claude 3.5 Sonnet,Cold subs hurt deliverability. Wake or remove.
MKT-014,email,Promotional email,Promotional email,You write promotional emails that don't feel spammy.,"Offer: {{offer}}. Discount: {{discount}}. Expiry: {{expiry}}. Audience: {{audience}}. Lead with value, not the discount. Single CTA. Max 150 words.",Claude 3.5 Sonnet,"Discount is the close, not the open."
MKT-015,landing-page,Landing page hero copy,Landing page hero copy,You write landing-page hero copy that converts.,"Product: {{product}}. Audience: {{audience}}. Pain: {{pain}}. Outcome: {{outcome}}. Write: H1 (max 12 words), sub-headline (max 25 words), 1-line CTA button.",Claude 3.5 Sonnet,H1 = outcome. Sub = mechanism. CTA = next step (not 'Sign up').
MKT-016,landing-page,Feature section (3 cards),Feature section (3 cards),You write feature copy that ties capability to buyer outcome.,"Features: {{featuresList}}. Format each as: icon idea + 4-word headline + 1-sentence body. Translate each feature into the buyer's outcome, not the technical spec.",Claude 3.5 Sonnet,Buyers buy outcomes. Features earn the click.
MKT-017,landing-page,Pricing page copy,Pricing page copy,You write pricing page copy that reduces objections.,"Plans: {{plansList}}. Each plan: 1-line audience descriptor, 5 capability bullets (most important first), price, CTA. Add FAQ accordion with 6 common objections + answers.",Claude 3.5 Sonnet,"Plan names = audience descriptors, not abstractions."
MKT-018,ads,Google Ads copy (responsive),Google Ads copy (responsive),You write Google Ads copy for B2B.,"Keyword: {{keyword}}. Landing page: {{lpUrl}}. Output: 15 headlines (max 30 chars each), 4 descriptions (max 90 chars each). Mix benefit, feature, urgency, question.",Claude 3.5 Sonnet,"Test 15 headlines, Google picks the best 3. Don't agonize over individual ones."
MKT-019,ads,LinkedIn Ads copy (Single Image),LinkedIn Ads copy (Single Image),You write LinkedIn Ads for B2B targeting.,"Audience: {{audience}}. Offer: {{offer}}. Output: 3 intro variants (max 150 chars), 3 headlines (max 70 chars), 1 CTA button text.",Claude 3.5 Sonnet,LinkedIn intro is the open rate. Headline is the click. Be honest in both.
MKT-020,ads,Meta Ads copy (B2C),Meta Ads copy (B2C),You write Meta ads that convert in B2C.,"Product: {{product}}. Audience persona: {{persona}}. Output 5 ad variants: 1 problem-aware, 1 solution-aware, 1 product-aware, 1 social proof, 1 urgency.",Claude 3.5 Sonnet,Match copy to awareness stage. Generic ads under-perform.
MKT-021,social,Daily LinkedIn calendar (1 week),Daily LinkedIn calendar (1 week),You plan LinkedIn content calendars.,"Brand: {{brand}}. Voice: {{voice}}. Goal: {{goal}}. Plan 7 LinkedIn posts (1/day). Mix formats: opinion, case, framework, ask, contrarian, link, behind-scenes.",Claude 3.5 Sonnet,Variety drives algorithm reach better than format mastery.
MKT-022,social,Twitter calendar (1 week),Twitter calendar (1 week),You plan Twitter content calendars.,"Brand: {{brand}}. Voice: {{voice}}. Plan 14 tweets across 7 days. Mix: 4 thoughts, 4 retweets-with-comment, 3 questions, 2 threads, 1 ask.",Claude 3.5 Sonnet,Engagement beats reach on Twitter. Lean into replies.
MKT-023,social,Instagram caption (B2B founder),Instagram caption (B2B founder),You write Instagram captions for B2B founders.,"Image context: {{imageContext}}. Voice: founder, candid, specific. Output: 1-2 paragraph caption (max 250 chars) + 5 relevant hashtags.",Claude 3.5 Sonnet,"B2B Instagram is about humanizing — show face, share story."
MKT-024,seo,SEO meta description,SEO meta description,You write SEO meta descriptions that earn click-through.,Page topic: {{topic}}. Target keyword: {{keyword}}. Output: title tag (max 60 chars) + meta description (max 155 chars). Include keyword + benefit + soft hook.,Claude 3.5 Sonnet,Title + meta = SERP elevator pitch. Earn the click.
MKT-025,seo,SEO content brief,SEO content brief,You build SEO content briefs from SERP analysis.,"Keyword: {{keyword}}. Top SERP results: {{topResults}}. Output brief: H1, target word count, H2 structure (5-7), 3 questions to answer, 5 internal links to include, 1 primary CTA.",Claude 3.5 Sonnet,"Brief should reflect search intent, not just keyword density."
MKT-026,seo,Internal-linking suggestion,Internal-linking suggestion,You suggest internal links to strengthen topical authority.,Article: {{articleTitle}}. Site URLs: {{siteUrls}}. Suggest 5 specific internal links: where to add + what text to use + which target URL.,Claude 3.5 Sonnet,Topical clusters outrank standalone pages.
MKT-027,video,YouTube video script outline,YouTube video script outline,You outline YouTube videos that hold retention.,"Topic: {{topic}}. Target length: {{minutes}} min. Output: hook (0:00-0:15), context (0:15-1:00), 3-act body, payoff, CTA. Include retention-anchor cues.",Claude 3.5 Sonnet,First 15 seconds = 30% of retention battle.
MKT-028,video,Short-form video hook (TikTok/Reels),Short-form video hook (TikTok/Reels),You write short-form video hooks that stop the scroll.,"Topic: {{topic}}. Output: 5 hook variants for a 30-60s video. Mix: contrarian, curiosity gap, specific number, question, before-after.",Claude 3.5 Sonnet,Hooks: 6 word max for max retention.
MKT-029,podcast,Podcast guest pitch,Podcast guest pitch,You write podcast guest pitches that get accepted.,Podcast: {{podcastName}}. Host: {{hostName}}. Guest: {{guestName}}. Guest's relevant story: {{story}}. Output pitch email max 180 words.,Claude 3.5 Sonnet,Listen to 2 episodes first. Reference specific moments.
MKT-030,podcast,Podcast episode outline,Podcast episode outline,You outline podcast episodes that deliver value.,"Topic: {{topic}}. Guest: {{guest}} (background: {{background}}). Output: opening hook, 5 question segments, 1 spicy take, listener takeaway, CTA.",Claude 3.5 Sonnet,"Best podcast moments are unscripted. Outline gives shape, not script."
MKT-031,brand,Brand voice guide,Brand voice guide,You document brand voice in a way writers can actually use.,"Brand: {{brand}}. Style examples: {{examples}}. Output: 3 voice attributes with 'we sound like X, not Y' contrast. 5 do/don't rules. 3 specific phrases we always/never use.",Claude 3.5 Sonnet,Contrasts > adjectives. 'Confident not arrogant' is usable.
MKT-032,brand,Tagline generator (5 variants),Tagline generator (5 variants),You write taglines that survive being said out loud.,"Brand: {{brand}}. Audience: {{audience}}. Promise: {{promise}}. Generate 5 tagline variants: 1 functional, 1 emotional, 1 aspirational, 1 contrarian, 1 question.",Claude 3.5 Sonnet,Best tagline = the one your team uses unprompted in casual chat.
MKT-033,research,Customer interview question bank,Customer interview question bank,You design customer interview question sets.,"Goal: understand why {{customer-segment}} buys {{product}}. Output 15 questions ordered: warm-up, current state, ideal state, friction, decision moment, alternatives. Open-ended only.",Claude 3.5 Sonnet,"Don't lead. Start broad, narrow as the conversation reveals."
MKT-034,research,Win/loss interview script,Win/loss interview script,You design win/loss interview scripts.,"Account: {{Account}}. Status: {{won/lost}}. Output 12-question script. Surface: real reason vs stated reason, alternatives considered, what would've changed the outcome.",Claude 3.5 Sonnet,Stated reason and real reason match 38% of the time.
MKT-035,research,User survey design,User survey design,You design surveys that get high response rate AND useful data.,Goal: {{goal}}. Audience: {{audience}}. Channel: {{channel}}. Output: 8 questions (mix open + Likert + multiple-choice). Add subject line + intro paragraph.,Claude 3.5 Sonnet,More than 8 questions = response rate drops 40%.
MKT-036,comms,Product launch announcement (blog + email),Product launch announcement (blog + email),You write product launch announcements.,Product: {{productName}}. Launch date: {{date}}. Audience: {{audience}}. Output: 800-word launch blog post + 250-word announcement email.,Claude 3.5 Sonnet,"Lead with what changed for the user, not what you built."
MKT-037,comms,Crisis comms response,Crisis comms response,You write crisis communication with directness and ownership.,"Issue: {{issue}}. Impact: {{impact}}. Audience: {{audience}}. Output: public statement (max 200 words) including: what happened, impact, what we're doing, what's next, contact.",Claude 3.5 Sonnet,Lead with what you got wrong. Don't bury the lead.
MKT-038,analytics,Marketing dashboard summary,Marketing dashboard summary,You translate marketing dashboards into exec-friendly narrative.,"Data: {{dataBlock}}. Audience: exec team. Output: 3-paragraph summary covering: what worked, what didn't, next bet.",Claude 3.5 Sonnet,Lead with the action implied. Vanity metrics last.
MKT-039,events,Event invite email,Event invite email,You write event invite emails that get registrations.,Event: {{eventName}}. Date: {{date}}. Audience: {{audience}}. Format: {{format}}. Output: subject + 130-word invite. Lead with what they'll leave with.,Claude 3.5 Sonnet,'Will learn how to' beats 'will hear about.'
MKT-040,events,Post-event follow-up,Post-event follow-up,You write post-event follow-ups that drive next-step action.,Event: {{eventName}}. Resources: {{resourceLinks}}. Output: thank-you email + 3-resource roundup + single next-step CTA.,Claude 3.5 Sonnet,Send within 24h. Open rates drop 50%+ after day 1.
OPS-001,process,SOP writer,SOP writer,You write Standard Operating Procedures (SOPs) that someone new can follow.,Process: {{processName}}. Owner: {{owner}}. Frequency: {{frequency}}. Inputs: {{inputs}}. Outputs: {{outputs}}. Output a 10-step SOP with success criteria + common pitfalls.,Claude 3.5 Sonnet,"Test with someone unfamiliar. If they can run it without questions, it's good."
OPS-002,process,Workflow audit,Workflow audit,You audit business workflows for inefficiency.,"Workflow: {{workflow}}. Tools: {{tools}}. Steps: {{steps}}. Output: 3 highest-leverage automation candidates, 2 anti-patterns observed, 1 'eliminate entirely' recommendation.",Claude 3.5 Sonnet,'Eliminate' opportunities = 10-15% of recurring work.
OPS-003,process,Process documentation gap analysis,Process documentation gap analysis,You identify undocumented processes that should be documented.,"Existing SOPs: {{existingList}}. Team activities: {{activitiesList}}. Output: 5 gaps prioritized by 'bus-factor risk' (1 = single owner, no docs, critical).",Claude 3.5 Sonnet,Single-owner undocumented = highest priority.
OPS-004,meeting,Meeting agenda generator,Meeting agenda generator,You write meeting agendas that lead to decisions.,"Meeting topic: {{topic}}. Attendees: {{attendees}}. Duration: {{duration}} min. Output: 1-line objective, 3-5 agenda items with time-boxes, decision/discussion split, exit conditions.",Claude 3.5 Sonnet,Every agenda item should end in 'decided X' or 'next step is Y.'
OPS-005,meeting,Meeting summary from notes,Meeting summary from notes,You summarize meetings into action-oriented notes.,"Notes: {{notes}}. Attendees: {{attendees}}. Output: TL;DR (3 lines), Decisions made, Action items (owner + due date), Open questions, Next meeting trigger.",Claude 3.5 Sonnet,Action items without owners die. Always assign.
OPS-006,meeting,Standup template,Standup template,You design async standup templates that surface blockers.,Team: {{teamName}}. Cadence: {{cadence}}. Output: 4-question standup template. Each question has 'what good looks like' guidance.,Claude 3.5 Sonnet,Bias toward fewer questions. 3 great > 7 perfunctory.
OPS-007,decisions,Decision document (DACI/RAPID),Decision document (DACI/RAPID),You write decision documents using DACI or RAPID frameworks.,"Decision: {{decision}}. Options: {{options}}. Output: 1-page DACI doc. Sections: Context, Driver, Approver, Contributors, Informed, 3 options with pros/cons/cost, Recommendation, Open questions.",Claude 3.5 Sonnet,Single-page = forced focus.
OPS-008,decisions,Decision review template,Decision review template,You design decision-review templates to learn from outcomes.,Original decision doc: {{docText}}. Output: 6-question review template to run 90 days post-decision. Mix outcome + process + learning questions.,Claude 3.5 Sonnet,Distinguish 'process was right but outcome wrong' from 'process was wrong.'
OPS-009,status,Weekly team status update,Weekly team status update,You write weekly team status updates that don't put readers to sleep.,"Team: {{teamName}}. Goals this week: {{goals}}. Wins: {{wins}}. Blockers: {{blockers}}. Output: 250-word update with TL;DR, then sections.",Claude 3.5 Sonnet,"Lead with what changed since last week, not full status."
OPS-010,status,Quarterly business review (QBR),Quarterly business review (QBR),You structure QBR documents for cross-functional alignment.,"Quarter: {{Q}}. Team: {{team}}. Goals + outcomes: {{goalOutcomes}}. Output: QBR outline. Sections: results vs goal, key wins, key misses, learnings, next-quarter focus.",Claude 3.5 Sonnet,QBR should answer 'what we'll do differently' more than 'what we did.'
OPS-011,ops-design,Tool migration plan,Tool migration plan,You build tool migration plans without rip-and-replace risk.,"Migrate from {{oldTool}} to {{newTool}}. Users: {{userCount}}. Data: {{dataVolume}}. Output: 4-phase plan (pilot, parallel run, cutover, decommission) with risks + mitigations per phase.",Claude 3.5 Sonnet,Parallel-run > cutover for any critical system.
OPS-012,ops-design,Permission/access audit,Permission/access audit,You audit team access for over-permissioned accounts.,"Tool: {{tool}}. Access list: {{accessList}}. Output: 3 high-risk over-permissioned accounts, 2 'access should be removed' recommendations, 1 process improvement.",Claude 3.5 Sonnet,Audit quarterly. Permission sprawl is silent risk.
OPS-013,ops-design,Vendor evaluation matrix,Vendor evaluation matrix,You design vendor evaluation matrices.,Need: {{need}}. Vendors shortlisted: {{vendorList}}. Output: 10-criteria matrix with weight per criterion + 'must have' vs 'nice to have' tagging.,Claude 3.5 Sonnet,Define must-haves before seeing demos. Otherwise vendor charisma sways.
OPS-014,onboarding,New hire 30-60-90 day plan,New hire 30-60-90 day plan,You design new-hire onboarding plans.,"Role: {{role}}. Team: {{team}}. Output: 30-60-90 day plan. Each phase: learning goals, deliverables, key stakeholder intros, success criteria, milestone check-in.",Claude 3.5 Sonnet,Set success criteria in writing. Don't leave new hires guessing.
OPS-015,onboarding,New hire welcome doc,New hire welcome doc,You write welcome documents for new hires.,"Company: {{company}}. New hire: {{name}}. Role: {{role}}. Output: welcome doc covering culture, first-week schedule, tools to set up, who to meet, glossary of internal acronyms.",Claude 3.5 Sonnet,Glossary is the most-thanked-for item by new hires.
OPS-016,exit,Departing employee knowledge transfer,Departing employee knowledge transfer,You design knowledge-transfer plans for departing employees.,"Employee: {{name}}. Role: {{role}}. Departure date: {{date}}. Output: 4-week transfer plan covering documentation, shadow-back, hand-off list, system access transitions.",Claude 3.5 Sonnet,"Start 4 weeks out. 2-week notice = panic, gaps."
OPS-017,incident,Incident postmortem template,Incident postmortem template,You write blameless incident postmortems.,"Incident: {{incidentSummary}}. Impact: {{impact}}. Duration: {{duration}}. Output postmortem: Summary, Timeline (UTC), Root cause, Contributing factors, Action items with owners + dates, Lessons.",Claude 3.5 Sonnet,"Blameless means systems-level, not 'X person screwed up.'"
OPS-018,incident,Status page update,Status page update,You write status page updates during incidents.,Incident: {{type}}. Severity: {{severity}}. Impact: {{impact}}. Stage: {{stage}}. Output: current status page entry. Be specific without speculating. Update tone: factual.,Claude 3.5 Sonnet,"Update every 30 min, even if 'still investigating.'"
OPS-019,ops-metrics,Ops KPI dashboard design,Ops KPI dashboard design,You design ops KPI dashboards that drive action.,"Function: {{function}}. Goals: {{goals}}. Output: 5 leading + 5 lagging KPIs. Each: metric, target, owner, refresh cadence, action threshold (when to investigate).",Claude 3.5 Sonnet,Bias toward leading indicators. Lagging tells you what already happened.
OPS-020,ops-metrics,Weekly KPI digest,Weekly KPI digest,You generate weekly KPI digest emails.,"Data: {{dataBlock}}. Audience: {{audience}}. Output: 200-word digest covering: 3 numbers up, 3 numbers down, 1 anomaly to investigate.",Claude 3.5 Sonnet,Anomaly callouts > exhaustive metric dump.
OPS-021,vendor,Vendor renewal negotiation,Vendor renewal negotiation,You prepare for vendor renewal negotiations.,Vendor: {{vendor}}. Current spend: ${{spend}}/yr. Usage trend: {{trend}}. Output: 5-question negotiation prep doc + 3 specific asks + walkaway point.,Claude 3.5 Sonnet,Walkaway point is leverage. Have it written before the call.
OPS-022,vendor,Contract red-flag review,Contract red-flag review,You spot red flags in vendor contracts.,"Contract text: {{contractText}}. Output: top 5 red flags with: clause quote, risk, suggested redline.",Claude 3.5 Sonnet,Not legal advice. Always lawyer-review before signing.
OPS-023,remote-work,Async work guideline,Async work guideline,You design async work guidelines for distributed teams.,"Team: {{teamSize}} across {{timezones}} timezones. Output: 5-rule async working guide covering communication, decisions, documentation, meetings, response-time expectations.",Claude 3.5 Sonnet,Default to async. Sync time is expensive.
OPS-024,remote-work,Communication norms doc,Communication norms doc,You codify team communication norms.,"Channels: {{channels}}. Output: doc covering which channel for what (Slack vs email vs docs vs meeting), response expectations per channel, escalation paths.",Claude 3.5 Sonnet,Codify defaults. Reduce decision fatigue.
OPS-025,scheduling,Calendar audit,Calendar audit,You audit personal/team calendars for waste.,Calendar log: {{calendarBlock}}. Output: 3 recurring meetings to cancel/shorten + 1 'block of focus time you don't have' recommendation.,Claude 3.5 Sonnet,"If you can't articulate the meeting's decision in 1 sentence, kill it."
OPS-026,scheduling,Time-block weekly planner,Time-block weekly planner,You design time-block weekly schedules.,"Person: {{role}}. Goals this week: {{goals}}. Output: time-blocked schedule for Mon-Fri. Bias toward deep work mornings, comms afternoons.",Claude 3.5 Sonnet,Don't try to block 8 hrs/day for deep work. 3 hrs is the realistic ceiling.
OPS-027,playbook,Operating playbook section,Operating playbook section,You write playbook sections for the ops function.,"Function: {{function}}. Process: {{process}}. Output: playbook section with Goal, Triggers, Steps (numbered), Tools used, Owner, Frequency, Success metric, Common pitfalls.",Claude 3.5 Sonnet,Update quarterly. Stale playbooks lose trust fast.
OPS-028,playbook,Runbook for recurring task,Runbook for recurring task,You write runbooks for tasks that need to be repeatable.,"Task: {{task}}. Frequency: {{frequency}}. Output: runbook with prerequisites, step-by-step actions, verification at each step, rollback if step fails, success criteria.",Claude 3.5 Sonnet,"Runbook ≠ SOP. Runbook is executable, SOP is procedural."
OPS-029,improvement,Continuous improvement retro,Continuous improvement retro,You facilitate continuous improvement retrospectives.,"Sprint/period: {{period}}. Team: {{team}}. Output: retro template with 4 sections (start, stop, continue, action items). Include 'how to keep retros from getting stale' tips.",Claude 3.5 Sonnet,Action items > venting. Always close the loop next retro.
OPS-030,improvement,Process improvement proposal,Process improvement proposal,You write process improvement proposals.,"Current process: {{current}}. Pain: {{pain}}. Proposed change: {{proposal}}. Output: 1-page proposal with current vs proposed, expected impact (quantified), implementation cost, risks, decision deadline.",Claude 3.5 Sonnet,Quantified impact > vibes. 'Saves 10 hrs/week' beats 'more efficient.'
FIN-001,modeling,Simple SaaS financial model,Simple SaaS financial model,You build SaaS financial models.,"Inputs: starting ARR ${{arr}}, growth rate {{rate}}%, churn {{churn}}%, gross margin {{margin}}%. Output: 12-month projection with revenue, churn, net new ARR, gross profit.",Claude 3.5 Sonnet,Math first. Narrative second. Don't smooth lines.
FIN-002,modeling,Burn rate + runway calculator,Burn rate + runway calculator,You calculate burn rate and runway honestly.,"Cash: ${{cash}}. Monthly burn: ${{burn}}. Growth trajectory: {{trajectory}}. Output: runway months, breakeven date if growth holds, 3 scenarios (base, bear, bull).",Claude 3.5 Sonnet,Always include bear case. Optimism kills startups.
FIN-003,modeling,Pricing model design,Pricing model design,You design B2B pricing models.,"Product: {{product}}. Audience: {{audience}}. Value delivered: {{valueMetric}}. Output: 3 pricing tier proposals (good/better/best) with price points, feature differentiation, audience justification.",Claude 3.5 Sonnet,Anchor with the highest tier. Don't lead with cheap.
FIN-004,modeling,Unit economics breakdown,Unit economics breakdown,You break down unit economics.,"Inputs: ACV ${{acv}}, CAC ${{cac}}, payback {{payback}} months, gross margin {{margin}}%. Output: LTV calculation, LTV:CAC ratio, payback period assessment, 'is this business viable' verdict.",Claude 3.5 Sonnet,LTV:CAC > 3 is healthy. < 1 is broken. 1-3 is 'invest in retention.'
FIN-005,reporting,Monthly investor update,Monthly investor update,You write monthly investor updates that earn introductions.,"Period: {{month}}. Highlights: {{highlights}}. Lowlights: {{lowlights}}. KPIs: {{kpiBlock}}. Output: investor update covering: TL;DR, KPIs, wins, asks, runway.",Claude 3.5 Sonnet,Asks specific. 'Looking for warm intros to {{X}}' > 'general intros welcome.'
FIN-006,reporting,Board deck for QBR,Board deck for QBR,You write board decks for quarterly business reviews.,Quarter: {{Q}}. Topics to cover: {{topics}}. Output: 10-slide outline. Slides 1-2: TL;DR + KPIs. Slides 3-7: deep-dives. Slides 8-10: outlook + asks.,Claude 3.5 Sonnet,Bias toward 'what we'll do differently' content.
FIN-007,reporting,Expense report category descriptor,Expense report category descriptor,You summarize expense categories for monthly review.,"Category: {{category}}. Spend MoM: {{spendChange}}. Top vendors: {{vendors}}. Output: 100-word summary covering 'what changed', 'what we got for it', 'next month plan'.",Claude 3.5 Sonnet,Spend justification > spend listing.
FIN-008,budgeting,Annual budget framework,Annual budget framework,You help structure annual budget exercises.,"Year: {{year}}. Revenue target: ${{revTarget}}. Last year actual: ${{lastYearRev}}. Output: budget framework with: revenue assumptions, headcount plan, OpEx categories with growth %, contingency reserve, board approval checkpoints.",Claude 3.5 Sonnet,Plan 110% of revenue target. Be 90% confident you hit 100%.
FIN-009,budgeting,Department budget request rubric,Department budget request rubric,You write budget request rubrics that filter signal from noise.,"Department: {{dept}}. Last year actual: ${{spent}}. Output: 5-question rubric they need to answer per line item: outcome tied to spend, alternatives considered, what gets cut if denied.",Claude 3.5 Sonnet,Force opportunity-cost thinking. Best budget asks include their own backup plan.
FIN-010,fundraising,Pitch deck outline,Pitch deck outline,You outline B2B SaaS pitch decks for fundraising.,"Stage: {{stage}} (pre-seed, seed, Series A). Raising: ${{amount}}. Output: 12-slide outline with: problem, solution, traction, market, business model, competition, team, ask, use of funds.",Claude 3.5 Sonnet,Slide order: traction earlier > team earlier > market earlier. Adjust based on what's strongest.
FIN-011,fundraising,Investor FAQ prep,Investor FAQ prep,You anticipate investor questions.,"Pitch summary: {{summary}}. Stage: {{stage}}. Output: 20 questions investors will ask in due diligence. Group by: business, market, team, financials, product, risk.",Claude 3.5 Sonnet,Prep answers to the 20 most-likely. You'll get 14 of them.
FIN-012,fundraising,Investor outreach email,Investor outreach email,You write investor outreach that earns meetings.,Investor: {{investorName}}. Their thesis: {{theirThesis}}. Our fit: {{ourFit}}. Output: 150-word email pitching a 30-min intro call.,Claude 3.5 Sonnet,"Lead with 1-line traction. Investors are scanning, not reading."
FIN-013,cash,Cash collection follow-up,Cash collection follow-up,You write AR follow-up emails firmly but professionally.,"Customer: {{customer}}. Invoice age: {{daysOverdue}} days. Output: escalation-tier email (mild, firm, escalation). Use the right tier for the age.",Claude 3.5 Sonnet,Mild < 14 days. Firm 14-30. Escalation 30+. Don't skip tiers.
FIN-014,cash,Dunning sequence design,Dunning sequence design,You design dunning sequences for failed payments.,"Failure trigger: {{trigger}}. Customer segment: {{segment}}. Output: 4-touch dunning sequence (day 1, 3, 7, 14) with messages that recover payment without churn.",Claude 3.5 Sonnet,Each touch a different escalation. Day 14 = pause service if no response.
FIN-015,accounting,Account reconciliation checklist,Account reconciliation checklist,You design account reconciliation checklists.,"Account: {{accountName}}. Frequency: {{freq}}. Output: month-end reconciliation checklist covering: opening balance verify, transaction trace, exception identification, sign-off owner.",Claude 3.5 Sonnet,Exceptions list is the value. Don't bury them.
FIN-016,accounting,Journal entry templates,Journal entry templates,You write GL journal entry templates.,"Transaction type: {{transactionType}}. Frequency: {{freq}}. Output: journal entry template with debits/credits, account names, narrative, supporting doc requirements.",Claude 3.5 Sonnet,Always document the 'why' alongside the 'what.'
FIN-017,tax,Tax document checklist,Tax document checklist,You list tax document requirements.,Entity: {{entityType}}. Fiscal year-end: {{date}}. Country: {{country}}. Output: 15-item document checklist for year-end tax prep.,Claude 3.5 Sonnet,Not tax advice. Have a CPA validate.
FIN-018,compliance,SOC 2 evidence collection plan,SOC 2 evidence collection plan,You plan SOC 2 evidence collection.,Audit window: {{startDate}} to {{endDate}}. Controls in scope: {{controls}}. Output: 8-week evidence collection plan with weekly milestones + responsible parties.,Claude 3.5 Sonnet,Start at week -16. Cramming = audit findings.
FIN-019,compliance,Audit response template,Audit response template,You write audit response templates that minimize follow-ups.,"Audit question: {{question}}. Our process: {{processDescription}}. Output: 200-word response covering: what we do, evidence, frequency, owner, exception handling.",Claude 3.5 Sonnet,Anticipate the follow-up. Include it in the first answer.
FIN-020,forecasting,Revenue forecast model,Revenue forecast model,You build revenue forecast models.,"Pipeline: {{pipelineBlock}}. Conversion rates: {{rates}}. Output: 90-day revenue forecast with: committed, best case, worst case, confidence intervals.",Claude 3.5 Sonnet,Confidence intervals are honest. Single-number forecasts are vanity.
FIN-021,forecasting,Cash flow forecast (13-week),Cash flow forecast (13-week),You build 13-week rolling cash flow forecasts.,"Inputs: starting cash ${{cash}}, AR aging {{arAging}}, AP commitments {{ap}}, recurring inflows ${{inflows}}/wk. Output: 13-week forecast with weekly position + low-water warning.",Claude 3.5 Sonnet,Update weekly. Static = wrong by day 8.
FIN-022,metrics,MRR/ARR variance commentary,MRR/ARR variance commentary,You write MRR/ARR variance commentary.,"Plan ARR: ${{planArr}}. Actual: ${{actualArr}}. Drivers: {{drivers}}. Output: 200-word variance commentary covering: net change, top 3 drivers, action implied.",Claude 3.5 Sonnet,"Drivers > variance. The number's wrong because of X, not just 'lower than plan.'"
FIN-023,compensation,Sales commission plan,Sales commission plan,You design sales commission plans aligned with strategy.,"Reps: {{count}}. Avg deal: ${{avgDeal}}. Target quota: ${{quota}}. Strategy bias: {{bias}} (e.g. new logo > expansion). Output: comp plan with base, OTE, accelerators, kickers.",Claude 3.5 Sonnet,Accelerators above quota are the lever. Below quota → flat commission.
FIN-024,compensation,ESOP / equity grant calculator,ESOP / equity grant calculator,You explain equity grant economics to new hires.,"Grant: {{shares}} options. Total shares outstanding: {{total}}. Current valuation: ${{valuation}}. Output: plain-English breakdown of what they own, vesting schedule, dilution risk, exit scenarios.",Claude 3.5 Sonnet,"Show 3 exit scenarios (low, mid, high). Don't make it look like a sure thing."
FIN-025,expense,Expense policy doc,Expense policy doc,You write expense policies that balance flexibility with control.,"Company size: {{size}}. Output: expense policy covering: approval thresholds, per diem rules, receipts, prohibited categories, exception process. Max 2 pages.",Claude 3.5 Sonnet,More than 2 pages = nobody reads. Defaults > rules.
HR-001,hiring,Job description writer,Job description writer,You write job descriptions that attract candidates and filter mis-fits.,"Role: {{role}}. Level: {{level}}. Team: {{team}}. Outcomes: {{outcomes}}. Output: 350-word JD covering: company hook, role outcomes (not tasks), required + nice-to-have, comp band, application instructions.",Claude 3.5 Sonnet,Outcomes > tasks. 'Reduce checkout drop-off by 30%' attracts better than 'manage funnel.'
HR-002,hiring,Candidate screening rubric,Candidate screening rubric,You design candidate screening rubrics.,"Role: {{role}}. Must-haves: {{musts}}. Output: 5-criterion rubric with: criterion, weight, 'meets' vs 'exceeds' definition, common red flags.",Claude 3.5 Sonnet,Rubric > vibes. Vibes are biased.
HR-003,hiring,Interview question bank,Interview question bank,You design interview questions that surface real signal.,Role: {{role}}. Stage: {{stage}}. Output: 10 interview questions mixing behavioral + situational + technical. Include 'what good looks like' for each.,Claude 3.5 Sonnet,Behavioral 'Tell me about a time' > hypothetical 'What would you do.'
HR-004,hiring,Reference check questions,Reference check questions,You design reference check question lists.,Role: {{role}}. Candidate strengths claimed: {{strengths}}. Output: 8 reference questions designed to triangulate the claimed strengths + 2 questions to surface watch-outs.,Claude 3.5 Sonnet,Last reference question: 'Would you hire them again?' Pause matters more than yes/no.
HR-005,hiring,Candidate rejection email,Candidate rejection email,You write rejection emails that protect the brand.,"Candidate: {{name}}. Stage rejected: {{stage}}. Output: rejection email that's brief, gracious, specific (1 thing they did well), with a door-open final line. Max 100 words.",Claude 3.5 Sonnet,Rejections become future referrals. Don't burn bridges.
HR-006,hiring,Offer letter narrative,Offer letter narrative,You write the human prose around offer letters.,Candidate: {{name}}. Role: {{role}}. Comp: ${{comp}}. Equity: {{equity}}%. Start: {{startDate}}. Output: 200-word congratulations message + a clear summary of comp/equity.,Claude 3.5 Sonnet,Send the offer + the message in the same email. Don't separate.
HR-007,onboarding,First-day checklist,First-day checklist,You design comprehensive first-day onboarding checklists.,"Role: {{role}}. Team: {{team}}. Output: detailed first-day checklist covering: accounts/access, equipment, intros (named), reading list, lunch buddy, end-of-day check-in.",Claude 3.5 Sonnet,First-day chaos = lower retention. Pre-plan.
HR-008,onboarding,First-week training plan,First-week training plan,You design first-week training plans.,"Role: {{role}}. Team context: {{teamContext}}. Output: 5-day training plan. Each day: learning objective, deliverable, who runs it, success criteria.",Claude 3.5 Sonnet,By end of week 1: they should have shipped something small + know who to ask for what.
HR-009,performance,Performance review writer,Performance review writer,You write performance reviews that develop instead of demoralize.,"Employee: {{name}}. Role: {{role}}. Achievements: {{achievements}}. Growth areas: {{growth}}. Output: 400-word review covering: results, behaviors, growth focus for next cycle, manager support commitments.",Claude 3.5 Sonnet,Growth areas with manager-side commitments > one-sided critique.
HR-010,performance,Goal-setting (OKR) workshop,Goal-setting (OKR) workshop,You facilitate OKR-setting workshops.,"Team: {{team}}. Strategic focus: {{focus}}. Period: {{period}}. Output: workshop agenda with: alignment check, top-down ambition, bottom-up draft, refinement, commit. Include do/don't notes for each phase.",Claude 3.5 Sonnet,Bottom-up OKRs > top-down. Ownership = follow-through.
HR-011,performance,Performance improvement plan (PIP),Performance improvement plan (PIP),You write PIPs that are fair and clear.,"Employee: {{role}}. Gaps: {{gaps}}. Output: 30-day PIP with: specific behavioral targets, success criteria, support manager will provide, escalation if missed.",Claude 3.5 Sonnet,Have legal/HR review before delivering. PIPs done wrong are wrongful termination risk.
HR-012,feedback,1:1 meeting agenda,1:1 meeting agenda,You design 1:1 meeting agendas.,"Frequency: weekly. Output: 1:1 agenda template covering: wins, blockers, manager-asks, growth, feedback (both ways), follow-ups. 30 min.",Claude 3.5 Sonnet,1:1 is THEIR time. Manager listens 70%.
HR-013,feedback,Constructive feedback delivery,Constructive feedback delivery,You help managers deliver constructive feedback well.,"Behavior: {{behavior}}. Impact: {{impact}}. Output: SBI-format feedback (Situation, Behavior, Impact) + suggested next-step conversation.",Claude 3.5 Sonnet,"Behavior, not personality. Specifics, not generalities."
HR-014,feedback,Upward feedback to leadership,Upward feedback to leadership,You frame upward feedback constructively.,"Concern: {{concern}}. Audience: {{leader}}. Output: 100-word upward feedback message framed with intent (improvement, not complaint) + specific request.",Claude 3.5 Sonnet,Upward feedback works if it gives them a specific action to take.
HR-015,compensation,Comp band design,Comp band design,You design compensation bands.,"Role: {{role}}. Level: {{level}}. Market data: {{marketData}}. Output: comp band with base range, equity range, bonus structure, geographic adjustments.",Claude 3.5 Sonnet,Publish bands internally. Transparency reduces 'am I underpaid' churn.
HR-016,compensation,Promotion decision rubric,Promotion decision rubric,You design promotion rubrics.,Role: {{role}}. Next level: {{nextLevel}}. Output: rubric with 5 criteria + evidence required per criterion. Each: explicit examples of 'meets' vs 'exceeds' bar.,Claude 3.5 Sonnet,Promotion criteria > tenure. Avoid 'time-served' promotions.
HR-017,policies,Remote work policy,Remote work policy,You write remote work policies that balance flexibility with structure.,"Company size: {{size}}. Output: remote policy covering: location flexibility, core hours overlap, in-person cadence, equipment, expectations on async, exceptions.",Claude 3.5 Sonnet,Default async > default sync. State it explicitly.
HR-018,policies,PTO policy,PTO policy,You write PTO policies that encourage taking time off.,"Company size: {{size}}. Output: PTO policy covering: accrual rates, blackout dates, manager approval, mandatory minimum (if any), holiday list. Tone: encourage usage.",Claude 3.5 Sonnet,Unlimited PTO without minimums = people take less. Set minimums.
HR-019,policies,Code of conduct,Code of conduct,You write codes of conduct that are practical.,"Company values: {{values}}. Output: code of conduct (max 2 pages) covering: respect, communication, conflict resolution, harassment-free, reporting mechanisms.",Claude 3.5 Sonnet,Specific examples > abstract principles. People remember scenarios.
HR-020,engagement,Quarterly engagement survey,Quarterly engagement survey,You design quarterly engagement surveys.,"Company size: {{size}}. Output: 12-question survey mixing eNPS, role satisfaction, manager rating, growth, voice. Include 1 open-ended question per section.",Claude 3.5 Sonnet,12 max. Anything longer = response rate craters.
HR-021,engagement,All-hands meeting agenda,All-hands meeting agenda,You design all-hands agendas that inform without lecturing.,"Frequency: {{freq}}. Output: 45-min all-hands agenda. Sections: TL;DR (3 min), state of the business (10 min), team spotlights (10 min), Q&A (15 min), customer story (7 min).",Claude 3.5 Sonnet,"Q&A 15+ min. If shorter, people stop asking."
HR-022,exit,Exit interview script,Exit interview script,You design exit interviews that capture real signal.,"Departing: {{role}}. Tenure: {{tenure}}. Output: 8-question exit interview script. Goals: identify systemic issues, separate role-fit from people issues, capture 'one thing I'd change.'",Claude 3.5 Sonnet,"Conducted by 3rd party HR, not the manager. Honesty improves 2x."
HR-023,termination,Termination conversation script,Termination conversation script,You write termination scripts that respect the human.,"Situation: {{reason}}. Output: 5-minute termination conversation script covering: decision (direct), reason (specific), next steps, support, dignity.",Claude 3.5 Sonnet,Be direct. Don't soften the decision. Soften the delivery.
HR-024,culture,Culture deck section,Culture deck section,You write culture deck sections.,"Value: {{value}}. Examples: {{examples}}. Output: 1-slide culture deck section. Format: principle (1 line), 'we do' (3 specific behaviors), 'we don't' (3 specific anti-patterns).",Claude 3.5 Sonnet,"Contrast > assertion. 'We move fast, not break things' beats 'we value speed.'"
HR-025,L&D,Learning path for new function,Learning path for new function,You design learning paths for technical/functional ramp.,"Function: {{function}}. Audience: {{audience}}. Time available: {{hours}} hrs. Output: learning path with sequenced resources, milestones, capstone deliverable, support cadence.",Claude 3.5 Sonnet,Capstone > certifications. People retain what they apply.
PRD-001,specs,Product Requirements Document (PRD),Product Requirements Document (PRD),You write PRDs that engineering can build from.,"Feature: {{feature}}. Problem: {{problem}}. Audience: {{audience}}. Output: PRD with: TL;DR, user stories, acceptance criteria, non-goals, success metrics, open questions.",Claude 3.5 Sonnet,Non-goals > goals. They scope the work clearly.
PRD-002,specs,Technical design doc (TDD),Technical design doc (TDD),You write technical design docs (TDDs) for engineering work.,"Feature: {{feature}}. Constraints: {{constraints}}. Output: TDD with: context, requirements, design (with diagram suggestion), alternatives considered, risks, rollout plan.",Claude 3.5 Sonnet,Alternatives considered = your due diligence. Skipping it = future regret.
PRD-003,specs,User story breakdown,User story breakdown,You break features into properly-sized user stories.,Feature: {{feature}}. Output: user story breakdown. Each story: 'As a __ I want __ so that __' + acceptance criteria + estimate (XS/S/M/L).,Claude 3.5 Sonnet,Anything 'L' = break down further. Hidden complexity destroys sprints.
PRD-004,specs,API specification,API specification,You write API specifications.,"Endpoint: {{endpoint}}. Use case: {{useCase}}. Output: spec with: HTTP method, path, request params, response shape, error codes, rate limits, example curl.",Claude 3.5 Sonnet,Example curl = your readme. Always include.
PRD-005,research,User interview script,User interview script,You design user interview scripts.,"Hypothesis: {{hypothesis}}. Audience: {{audience}}. Output: 30-min script with: warmup, open-ended exploration, hypothesis-testing questions, dream-feature open-ended close.",Claude 3.5 Sonnet,Don't lead. 'How do you currently handle X?' > 'Do you wish you had Y?'
PRD-006,research,Concept validation test,Concept validation test,You design concept validation tests.,"Concept: {{concept}}. Audience: {{audience}}. Hypothesis: {{hypothesis}}. Output: test design with: target sample size, success metric, recruitment criteria, test artifact, fallback plan if results unclear.",Claude 3.5 Sonnet,Pre-commit to the metric. 'We'll know it worked when X' written before the test.
PRD-007,research,Usability test plan,Usability test plan,You plan usability tests.,"Feature: {{feature}}. Personas: {{personas}}. Output: usability test plan: tasks (4-6), success criteria, observation framework, severity rubric for issues found.",Claude 3.5 Sonnet,Watch for hesitation moments. Speed = confidence proxy.
PRD-008,research,Survey design (product),Survey design (product),You design product surveys.,Question: {{question}}. Audience: {{audience}}. Output: 8-question survey balancing quantitative + qualitative. Include skip logic + 1 NPS-style anchor.,Claude 3.5 Sonnet,Skip logic reduces drop-off. Use it.
PRD-009,roadmap,Quarterly roadmap brief,Quarterly roadmap brief,You write quarterly product roadmap briefs.,"Quarter: {{Q}}. Strategic focus: {{focus}}. Output: roadmap brief with: theme, 3 major bets, key dependencies, success metrics, what we're NOT doing.",Claude 3.5 Sonnet,'Not doing' list signals strategic clarity.
PRD-010,roadmap,Feature prioritization (RICE),Feature prioritization (RICE),You apply RICE scoring to feature prioritization.,Features: {{featureList}}. Output: RICE score per feature: Reach × Impact × Confidence / Effort. Show working. Recommend top 3 with justification.,Claude 3.5 Sonnet,Confidence is the honest reality-check. Don't inflate.
PRD-011,release,Release notes (customer-facing),Release notes (customer-facing),You write customer-facing release notes.,"Release: {{version}}. Features: {{features}}. Output: release notes with: highlights TL;DR, 3-5 customer-facing changes (benefit-first), bug fixes section, what's next preview.",Claude 3.5 Sonnet,"Highlight customer benefit, not technical implementation."
PRD-012,release,Internal launch checklist,Internal launch checklist,You design internal launch checklists.,"Feature: {{feature}}. Launch date: {{date}}. Output: T-14 to T-0 checklist covering: engineering, marketing, support, sales, customer comms, post-launch monitoring.",Claude 3.5 Sonnet,Bias toward over-communicating internally. Support gets caught off-guard otherwise.
PRD-013,release,Feature flag rollout plan,Feature flag rollout plan,You plan progressive feature rollouts.,"Feature: {{feature}}. Audience: {{audience}}. Output: 4-phase rollout: internal (10%), beta cohort (1%), expanded (10%), GA. Each phase: criteria to advance, rollback signal.",Claude 3.5 Sonnet,Rollback signal pre-committed. Decision-by-vibes mid-rollout = disaster.
PRD-014,metrics,North-star metric definition,North-star metric definition,You help define north-star metrics.,"Product: {{product}}. Stage: {{stage}}. Output: north-star metric proposal with: metric definition, why it matters, anti-patterns to avoid, supporting metrics.",Claude 3.5 Sonnet,Pick a metric that requires user value to move. Vanity metrics game easily.
PRD-015,metrics,Activation metric design,Activation metric design,You design activation metrics.,Product: {{product}}. Aha moment: {{ahaMoment}}. Output: activation metric definition + how to measure + benchmark for healthy vs at-risk.,Claude 3.5 Sonnet,Activation > signup. Track time-to-activation.
PRD-016,metrics,Retention cohort analysis,Retention cohort analysis,You design retention cohort analyses.,"Product: {{product}}. Output: cohort analysis design covering: cohort definitions (by signup month + by activation), retention curve milestones, healthy vs unhealthy curve shape.",Claude 3.5 Sonnet,Retention plateau > initial drop-off. Look at the plateau.
PRD-017,growth,Pricing experiment design,Pricing experiment design,You design pricing experiments.,"Current pricing: {{currentPrice}}. Hypothesis: {{hypothesis}}. Output: experiment design covering: control vs variant, segment, duration, success metric, ethical considerations (existing customer pricing).",Claude 3.5 Sonnet,Never change existing-customer pricing mid-test. Grandfather them.
PRD-018,growth,Onboarding funnel optimization,Onboarding funnel optimization,You optimize onboarding funnels.,Funnel data: {{funnelBlock}}. Output: identify top 2 drop-off points + 1 specific test to address each.,Claude 3.5 Sonnet,Drop-off ≠ failure. Sometimes the right people are leaving.
PRD-019,sunsetting,Feature sunset plan,Feature sunset plan,You plan feature sunsets without alienating users.,"Feature: {{feature}}. Active users: {{users}}. Output: sunset plan: 3-month timeline, migration path, comms cadence, opt-out window, fallback for non-migrators.",Claude 3.5 Sonnet,3 months is the minimum humane sunset window.
PRD-020,competitive,Competitive feature comparison,Competitive feature comparison,You write competitive feature comparisons that are honest.,Our product: {{ourProduct}}. Competitor: {{competitor}}. Output: feature-by-feature comparison table. Be honest where they're better.,Claude 3.5 Sonnet,Honesty beats hype. Buyers respect it.
ENG-001,code-review,Code review checklist,Code review checklist,"You review code for correctness, security, and maintainability.","Diff: {{diff}}. Output: review covering correctness, edge cases, security, perf, maintainability, tests. 1-3 issues max per category. Specific suggestions.",Claude 3.5 Sonnet,"Specificity > general advice. Line numbers, suggested code."
ENG-002,code-review,Security review,Security review,You review code for security issues.,"Code: {{code}}. Output: security review covering: input validation, auth, authz, data exposure, injection risks, dependency vulns. Severity rating per issue.",Claude 3.5 Sonnet,Conservative on severity. False positives are cheaper than false negatives.
ENG-003,architecture,Architecture decision record (ADR),Architecture decision record (ADR),You write ADRs.,"Decision: {{decision}}. Context: {{context}}. Output: ADR with: title, status, context, decision, consequences (positive + negative), alternatives considered.",Claude 3.5 Sonnet,Alternatives considered = your future self thanks you.
ENG-004,architecture,System design (technical),System design (technical),You design systems with clarity.,"Requirements: {{requirements}}. Constraints: {{constraints}}. Scale: {{scale}}. Output: system design with: component diagram suggestion, key technologies, data flow, failure modes + mitigation.",Claude 3.5 Sonnet,Failure modes first. Happy path is the easy part.
ENG-005,debug,Bug triage template,Bug triage template,You triage bug reports.,"Bug report: {{report}}. Output: triage with: severity, impact, reproduction steps, suspected root cause, owner.",Claude 3.5 Sonnet,Reproducible bugs get fixed. Unreproducible bugs sit forever.
ENG-006,debug,Root cause analysis (5 whys),Root cause analysis (5 whys),You facilitate root cause analyses using 5 whys.,"Issue: {{issue}}. Surface symptoms: {{symptoms}}. Output: 5-whys analysis ending in: root cause statement, contributing factors, action items at multiple levels (process, code, monitoring).",Claude 3.5 Sonnet,Stop at the deepest cause WITHOUT blaming a person.
ENG-007,testing,Test strategy,Test strategy,You design test strategies.,"Feature: {{feature}}. Risk profile: {{risk}}. Output: test strategy covering: unit tests, integration tests, e2e tests, manual QA, edge cases, regression suite additions.",Claude 3.5 Sonnet,Bias toward edge cases. Happy path tests itself.
ENG-008,testing,Edge case generator,Edge case generator,You generate edge cases for a given function.,"Function signature: {{signature}}. Output: 10 edge cases covering: empty, null, max size, special chars, concurrency, locale, network failure, timeout, malformed input, security.",Claude 3.5 Sonnet,10 cases > 100. Quality of coverage > quantity.
ENG-009,ops,Incident response runbook,Incident response runbook,You write incident response runbooks.,"Incident type: {{type}}. Output: runbook with: detection signals, immediate actions (first 5 min), investigation steps, escalation, communication template, recovery validation.",Claude 3.5 Sonnet,First-5-min actions = the most-tested. Get those right.
ENG-010,ops,On-call handoff template,On-call handoff template,You design on-call handoff templates.,"Frequency: {{freq}}. Output: handoff doc covering: open incidents, pending follow-ups, anomalies observed, weekly summary, known issues outgoing on-call carried.",Claude 3.5 Sonnet,Anomalies observed is the gold. They become tomorrow's incidents.
ENG-011,documentation,API documentation,API documentation,You write API documentation.,"Endpoint: {{endpoint}}. Audience: {{audience}} (internal devs / external partners). Output: docs with: overview, auth, request/response examples, error codes, rate limits, common use cases.",Claude 3.5 Sonnet,Common use cases = where buyers decide to integrate.
ENG-012,documentation,README writer,README writer,You write project READMEs.,"Project: {{project}}. Audience: {{audience}}. Output: README covering: what + why, install, quick-start example, common workflows, troubleshooting, contributing, license.",Claude 3.5 Sonnet,"Quick-start in 30 seconds. If it takes longer, fix the README."
ENG-013,documentation,Migration guide,Migration guide,You write migration guides.,"From: {{fromVersion}}. To: {{toVersion}}. Output: migration guide with: breaking changes, step-by-step migration, automated migration script idea, rollback path.",Claude 3.5 Sonnet,Breaking changes first. Don't bury the lead.
ENG-014,performance,Performance optimization audit,Performance optimization audit,You audit code for performance issues.,"Code: {{code}}. Metric to optimize: {{metric}}. Output: top 3 performance opportunities with: current cost, expected gain, implementation effort.",Claude 3.5 Sonnet,Measure before optimizing. 'Faster' without baseline = vibes.
ENG-015,performance,Database query optimization,Database query optimization,You optimize SQL queries.,Query: {{query}}. Schema hints: {{schema}}. Output: 3 optimization suggestions in priority order with explanation.,Claude 3.5 Sonnet,Index strategy before refactoring queries.
ENG-016,security,Threat model,Threat model,You design threat models using STRIDE.,"System: {{system}}. Trust boundaries: {{boundaries}}. Output: STRIDE threat model: Spoofing, Tampering, Repudiation, Info disclosure, DoS, Elevation. 1-2 threats per category with mitigations.",Claude 3.5 Sonnet,"Mitigations should be actionable, not principles."
ENG-017,security,Security incident report,Security incident report,You write security incident reports.,"Incident: {{incident}}. Impact: {{impact}}. Output: report with: timeline, scope of impact, root cause, immediate mitigations, long-term action items.",Claude 3.5 Sonnet,Have legal review before external comms.
ENG-018,data,Database schema design,Database schema design,You design database schemas.,"Domain: {{domain}}. Key entities: {{entities}}. Output: schema with: table definitions, relationships, indices, soft-delete approach, audit columns, naming convention.",Claude 3.5 Sonnet,Soft deletes + audit columns from day 1. Retrofit is painful.
ENG-019,data,Data migration plan,Data migration plan,You plan data migrations.,"Source: {{source}}. Target: {{target}}. Volume: {{volume}}. Output: migration plan with: validation strategy, rollback path, cutover plan, post-migration checks.",Claude 3.5 Sonnet,Always run dry-runs on a copy. Never first-touch in production.
ENG-020,team,Engineering manager 1:1 framework,Engineering manager 1:1 framework,You help engineering managers run effective 1:1s.,"Frequency: weekly. Output: 1:1 framework covering: technical growth, career, blockers, manager-asks, feedback both ways. Include cadence (weekly tactical, monthly strategic).",Claude 3.5 Sonnet,Weekly tactical only = career growth gets dropped. Mix in monthly strategic.
